Fix,commit
CLOSURE-66,f6607996d6d3bd6820ce3848d147991b27600a12
CLOSURE-251,084b868bc2fbf9d6d0319e5a362ade1d7f43f899
CLOSURE-873,efefb736fccc2039b5fb079710b3f2ac82b8c6e4
CLOSURE-511,9e921fa973c603473f745fff76c44620fd7719e3
CLOSURE-644,fb01427a445ebfeb3af5e220a98ccaced339b73e
CLOSURE-314,f636f23bdef4b27752ca249a28463ec1b6af1f0b
CLOSURE-851,59eec92e364b2ec2cec9dd63449f5c0134983f18
CLOSURE-530,f759f431d5a7a2261b44440bca9cfab93ae25302
CLOSURE-364,58786c3f717fa506280127265cd68fedf17de0a9
CLOSURE-255,7cc748592670105f9d783b1b85f0f27e938db4ff
CLOSURE-301,a857aec27d79fc234fddd4a72c1215af0251b2d8
CLOSURE-229,807aaf2569e9eb09761068c5aeb95654daea30d9
CLOSURE-440,63df133d0850805818d1e280ba47dcefc9763c89
CLOSURE-368,00b1517c53912ac6843c257c0a6ead1176e8c5ee
CLOSURE-538,f2c0cb1f67ecb3315c0cb11326c9cb04db07ee8a
CLOSURE-841,e736b1c92981fafdc87f3f41f66918305f173734
CLOSURE-537,7e9b8336568ea7f05c33e1b58eb67fa6d4eee756
CLOSURE-635,9f7a353385bf0b93cdaeaa56cc5b1450db790127
CLOSURE-284,6ebc0c3d7d4da7d2cf95f53d4ea790e89d3abc7a
CLOSURE-477,9d5a6e3082dd99f6c44df1b3526b9e83b79aa7da
CLOSURE-200,ee749e286b477f8d6f53ff5960a38453baf50f31
CLOSURE-319,43c245f0ff8d409e81e25687e69d34666b7cf26a
CLOSURE-291,f64a3f51bd346547ce6e1edb30601df73dff27d9
CLOSURE-261,9d1e18e87a41f2a610ed70f3a1d57abbce7a1cd7
CLOSURE-620,64bb2291f9a9bbab67d865dffe603f8a0df8ef30
CLOSURE-884,d1cfe67977d8f3aaa85ec20c262171da394d5977
CLOSURE-558,c3b630fc9c2a1c4eb7cb718f8d324bfb306cb9df
CLOSURE-381,25829b0395164533782d608399096803321225a7
CLOSURE-367,5d397618f3c86d9c444a4c4c6441267b8a89a21d
CLOSURE-864,d80fcc04239ab8c4cf781273c4f9bc54cf06f479
CLOSURE-582,a02241e5df48e44e23dc0e66dbef3fdc3c91eb3e
CLOSURE-618,6aa71f116df0102a98c463f471ad8ddd4dba01f8
CLOSURE-261,8980b60033b1c6853cbca593ec89d3d332adf7dc
CLOSURE-303,0907b6618a60b2de23c8f7ec2217a37dc5e9a091
CLOSURE-274,c5e143f7df0c3d73f6634488cac8ad8e7054fe05
CLOSURE-215,4839e1ea57f9a1a26debd2cc8f22beef7282b490
CLOSURE-545,9959716b01fc5231ae68bc7a24454ce45d341606
CLOSURE-253,1dfad5043a207e032a78ef50c3cba50488bcd300
CLOSURE-575,aedce35970673f20696d5721acba13e986cc764c
CLOSURE-603,4a1a31c6a50a0fbe25fa33277909bd51f1deb8e9
CLOSURE-569,5909c3db59b16886917456ab950ef9661a7fe6b1
CLOSURE-311,21a2103d7fa5664ea324ef9ee25b4a8922e50955
CLOSURE-248,7eb2d84de101a125d41d3a1157f4eed789ca4a0d
CLOSURE-1053,0123fd5303c85d0d26add64aa2e19fee33f73aaa
CLOSURE-1144,aae547f4d911dfbf42ca5a31aeb401ac83725a14
CLOSURE-669,22784dc96c391b01692ce686eb93b9aa0ef74ede
CLOSURE-753,1787d7b2cff83a0f177dd958033c53e4502406d2
CLOSURE-759,ebf229b05f4ee71bc05d70830f5dd5683271d661
CLOSURE-691,87b154f89cba3c67045cd7a783b79231d0630a4c
CLOSURE-1105,7d26b7bcae8311f3c032bae3f1df27b590a4c174
CLOSURE-1053,2aee36e667526ff8b0b5e6dad66506acee920ea6
CLOSURE-1033,8d11b8cc7a6183222b61c9bd398fed5448c59109
CLOSURE-753,43a55234ef122a1ed98681ce0350506207b878d5
CLOSURE-668,be397ee0d0be2aad8f71d12f097b17563866445a
CLOSURE-663,7e93d521cb67ce33018315234fafe8a5aa30ee1e
CLOSURE-747,b59cdd9e2dc64d2db86b90982c200a78f2f85e50
CLOSURE-1037,a8a456b183c9600658bcb0c72091bae1a30a4fda
CLOSURE-936,bd2803b6d9ab600906b262ae51cb3591160b5f3c
CLOSURE-925,5b9485903b5e7d926f49dc91b915a256df92591c
CLOSURE-727,7a8983042131c5a9c2b5421ae42075cbb8ef1aeb
CLOSURE-700,382422adae8e9f07fc23c94089c0ebe08a2174bc
CLOSURE-701,66c8c695fd8130e3ede6f77c6e5cc1ec96a0e9b3
CLOSURE-732,372eb11e44b8559004bfe78a5b4003caf0072135
CLOSURE-919,4fbbc47cb18f241b23dd2d4bf9c15d45b2473523
CLOSURE-936,211dc0161ae737f59cac22f30b048d56a059d14b
CLOSURE-1070,046e0b226e963bc584c2a6cd3c2b471777c5cc53
CLOSURE-921,7f6700e2b54af3af409f3e8851a0d98a72beef4b
CLOSURE-1002,8cef00180a5cf67d047919c89668a6405030dbab
CLOSURE-698,38e2b8f247423734adec3dbd76fa22da1a3561a8
CLOSURE-737,70ca6014779735bdc52ca0e80e528257829a15e7
CLOSURE-768,ea119a2d06328852763f9ee447c3bf74fa1f83dc
CLOSURE-769,686146c4de7d2bd985156ae15175365633dd0f94
CLOSURE-729,2e904fcdc3bc09e3bff557fcfca383ba7e450095
CLOSURE-703,0a670cb51fd56c12c19f98884c9513792ebc3f76
CLOSURE-1017,e7f4269d0289f4d47217207ec456219db8efe47c
CLOSURE-931,9fac3ccd2fa9e6137584f079db1a6f5962a65cf4
CLOSURE-1024,f17961ae4d3d7cf5ea291d82804239982d009ef7
CLOSURE-1101,4597738e8898f738c1f969fe90479728be81cc80
CLOSURE-130,369282db85567f1bf2c9635d0c0043d47f114814
CLOSURE-937,79a8906570f44e5f519282bd32595985ed089aed
CLOSURE-728,59dbb7a28680caad08ddb1658123fe0cbb1ae689
CLOSURE-779,4b15b25f400335b6e2820cb690430324748372f9
CLOSURE-773,968b3f467f51c6bfec18af1fbcf980a0f19a1fb3
CLOSURE-724,6924915efab89f921fd0779fe200fecc1bf80847
CLOSURE-942,d82fb38b0121bf690cea58df293185c7e91ded9c
CLOSURE-144,6d00ac1a68612aade8a19d7ecc9b180f00ae5234
CLOSURE-1085,5f03c6817341d39d8dead76c7511fd6bb0b9009f
CLOSURE-115,d48c365ba8251057a71a2e2b7aabff640209e31b
CLOSURE-1101,b80dfd3b0e5e4b490b7afb469320d18bac4520b4
CLOSURE-688,33ab4df84afbdb36216b8a1ea3a526c438615e26
CLOSURE-772,3b97e5e4212c769daa22a96094ed19b4658c8760
CLOSURE-1047,871bca1f36c5c06aa880ce21429da63a76f8f6e9
CLOSURE-113,2f5cb1622371de540fe20dcbe0411651ec89f952
CLOSURE-1135,49e9565febba904484396e2aef7dbe86f55e9cc5
CLOSURE-1079,0fb76a81bbdd8ab84a00b8be2099abfb83c88668
CLOSURE-794,d06ac163013a3779fcec7c2f544ba99d08f69f58
CLOSURE-787,d6d733f461ee5ba26e9326c1c7609f1f00d6d2db
CLOSURE-1058,b168c8822b2d3d12515ec6477812674c8805bcf3
CLOSURE-19,e609670bb56e0c7216c9476a5f6a5594e7f1acdb
CLOSURE-1111,13fb7fcbcad87f8df63535491627bf7b01471064
CLOSURE-114,67289ae4cbaba3ae70cd2e8fb92f3f2898039dfb
CLOSURE-810,482b767639e6eec7c30d8898851560c41b66d885
CLOSURE-643,d577973fb378dfe0d05991ec0dfa6c1f40e574ee
CLOSURE-657,8cf08115c6b252f8c6b54348a4089dccc45a01fb
CLOSURE-821,0884a4cbef1c82153ef306477a12af0480385a35
CLOSURE-106,113a08f59e8116fb11a7d4ceb11d5bb09b74ac3c
CLOSURE-1114,6f981f77e5bd9e2eecbd851a2a02933cdb9af0d8
CLOSURE-297,6a17da87f9e132bdc147b33223826da040c77a6b
CLOSURE-383,b88400ce0e9c1a0dadfd3417c256b02a82f38fe1
CLOSURE-487,37b0e1b0b5860e6cd4f48519c1105623778dc44f
CLOSURE-487,b12d1d6489329c989b15635f6f7f06681b3f6582
CLOSURE-384,78b01c3a435cd175ce3ee70f97b2f8faac342cdc
CLOSURE-289,4b065734d8afb5ab0d241ee5da22af0fa9d75ec3
CLOSURE-586,46da17d59abb4f9c48b6ffd31601c212490b970b
CLOSURE-504,fbaadc736f0031dd84bebea33abae497b47158cb
CLOSURE-413,03fee32a06ccf8257b2da67b9034270be38805ae
CLOSURE-395,c6cc58a9bc617483366141386e047b085b4e83ff
CLOSURE-501,34e4616a924bf272c076039e143e20f1d792731e
CLOSURE-539,1a7ba5cb0111dd3ed9afd9691cab39b3c341e408
CLOSURE-486,48aea0ff7d027507362007415963a4b662fb10a7
CLOSURE-254,db1fdf97454a6e4ff2d29cab5f1ef2273b54c0b4
CLOSURE-521,49b4ef31c850611a5c85d95140b4cedda7f4c59a
CLOSURE-528,f640b5dec722422c93a9a624cd21d30b5e321858
CLOSURE-433,ec4a34c2bd87ba54fa8770affdeeea4f3c42089b
CLOSURE-489,de726510af4329fb8eeb8a54b2d93d8d37c87545
CLOSURE-125,8aa879a4eeb18cfc8d13e6c843a32b7f41ccd516
CLOSURE-435,e323b879de2e53e5eedf6e7afb0d582382c6248d
CLOSURE-482,59a30b48325cccadabae8687fdf603d72e26c157
CLOSURE-820,6300a43566d4adcf8828128267808a8740edc835
CLOSURE-824,e9c15465c000c19ef4e0b8f68a680589ae4111d7
CLOSURE-459,aa89d05b48332d68b8e6ebcee427b2ac3b4e3184
CLOSURE-416,ee8344091722c28c9351e78dcb4155fbfddfd1af
CLOSURE-174,d1df970451b5a18956448097b3afb43f3a82263d
